trial,testing,parameters,initial_deadline,final_deadline,net_reward,actions,success
1,False,"{'a': 0.5, 'e': 1.0}",25,9,-91.90726265336288,"{0: 11, 1: 1, 2: 2, 3: 0, 4: 2}",1
2,False,"{'a': 0.5, 'e': 0.9999922206890987}",25,-100,-560.5132851826338,"{0: 80, 1: 10, 2: 24, 3: 3, 4: 8}",0
3,False,"{'a': 0.5, 'e': 0.9999688828774299}",20,-10,-131.0444952319962,"{0: 23, 1: 1, 2: 2, 3: 1, 4: 3}",0
4,False,"{'a': 0.5, 'e': 0.9999299869280981}",20,-100,-691.8870800917409,"{0: 72, 1: 10, 2: 23, 3: 4, 4: 11}",0
5,False,"{'a': 0.5, 'e': 0.9998755334462704}",20,-73,-357.252071943672,"{0: 59, 1: 10, 2: 17, 3: 3, 4: 4}",0
6,False,"{'a': 0.5, 'e': 0.999805523279168}",30,-80,-466.62624629747364,"{0: 64, 1: 9, 2: 28, 3: 6, 4: 3}",0
7,False,"{'a': 0.5, 'e': 0.9997199575160528}",20,-100,-537.6863305877025,"{0: 74, 1: 11, 2: 23, 3: 6, 4: 6}",0
8,False,"{'a': 0.5, 'e': 0.9996188374882099}",25,-100,-722.7783857200551,"{0: 76, 1: 14, 2: 16, 3: 8, 4: 11}",0
9,False,"{'a': 0.5, 'e': 0.9995021647689276}",25,-2,-122.62725781389753,"{0: 18, 1: 1, 2: 6, 3: 0, 4: 2}",0
10,False,"{'a': 0.5, 'e': 0.9993699411734727}",20,-100,-538.8020686161096,"{0: 76, 1: 15, 2: 15, 3: 7, 4: 7}",0
11,False,"{'a': 0.5, 'e': 0.9992221687590621}",20,-70,-413.46039957790333,"{0: 58, 1: 9, 2: 14, 3: 2, 4: 7}",0
12,False,"{'a': 0.5, 'e': 0.999058849824831}",20,-100,-508.5653798841538,"{0: 77, 1: 8, 2: 21, 3: 9, 4: 5}",0
13,False,"{'a': 0.5, 'e': 0.9988799869117967}",25,-38,-348.04056239948113,"{0: 36, 1: 5, 2: 15, 3: 3, 4: 4}",0
14,False,"{'a': 0.5, 'e': 0.9986855828028197}",25,-100,-645.1645421034615,"{0: 74, 1: 9, 2: 27, 3: 8, 4: 7}",0
15,False,"{'a': 0.5, 'e': 0.9984756405225602}",20,-100,-684.1490626118732,"{0: 72, 1: 9, 2: 26, 3: 3, 4: 10}",0
16,False,"{'a': 0.5, 'e': 0.9982501633374304}",20,-25,-112.69139805426411,"{0: 28, 1: 5, 2: 11, 3: 1, 4: 0}",0
17,False,"{'a': 0.5, 'e': 0.998009154755545}",25,-15,-115.06317192030417,"{0: 25, 1: 5, 2: 9, 3: 0, 4: 1}",0
18,False,"{'a': 0.5, 'e': 0.997752618526665}",25,-100,-449.7451128787457,"{0: 83, 1: 13, 2: 21, 3: 2, 4: 6}",0
19,False,"{'a': 0.5, 'e': 0.9974805586421406}",25,-100,-211.0635503310096,"{0: 92, 1: 12, 2: 15, 3: 5, 4: 1}",0
20,False,"{'a': 0.5, 'e': 0.9971929793348489}",25,-100,-641.195838022812,"{0: 81, 1: 8, 2: 18, 3: 9, 4: 9}",0
21,False,"{'a': 0.5, 'e': 0.9968898850791272}",20,-100,-428.9498726036948,"{0: 77, 1: 13, 2: 17, 3: 11, 4: 2}",0
22,False,"{'a': 0.5, 'e': 0.9965712805907048}",20,-10,-166.3060156208354,"{0: 16, 1: 5, 2: 6, 3: 1, 4: 2}",0
23,False,"{'a': 0.5, 'e': 0.9962371708266281}",20,-20,-204.4839972216615,"{0: 22, 1: 5, 2: 9, 3: 2, 4: 2}",0
24,False,"{'a': 0.5, 'e': 0.9958875609851848}",20,-24,-197.2084071671329,"{0: 28, 1: 2, 2: 9, 3: 3, 4: 2}",0
25,False,"{'a': 0.5, 'e': 0.9955224565058222}",20,-17,-210.0734897777466,"{0: 20, 1: 1, 2: 13, 3: 1, 4: 2}",0
26,False,"{'a': 0.5, 'e': 0.9951418630690625}",25,-100,-754.5397677905613,"{0: 68, 1: 10, 2: 31, 3: 7, 4: 9}",0
27,False,"{'a': 0.5, 'e': 0.9947457865964154}",25,-10,-145.63285054609355,"{0: 25, 1: 2, 2: 5, 3: 0, 4: 3}",0
28,False,"{'a': 0.5, 'e': 0.9943342332502848}",20,-100,-458.94396984439965,"{0: 73, 1: 16, 2: 23, 3: 3, 4: 5}",0
29,False,"{'a': 0.5, 'e': 0.9939072094338736}",30,-100,-483.44957656328296,"{0: 82, 1: 15, 2: 24, 3: 4, 4: 5}",0
30,False,"{'a': 0.5, 'e': 0.9934647217910838}",20,-26,-258.7274982760665,"{0: 27, 1: 8, 2: 4, 3: 3, 4: 4}",0
31,False,"{'a': 0.5, 'e': 0.9930067772064133}",25,-26,-204.07586509716305,"{0: 32, 1: 4, 2: 10, 3: 3, 4: 2}",0
32,False,"{'a': 0.5, 'e': 0.9925333828048488}",30,-15,-169.6272253751153,"{0: 29, 1: 4, 2: 9, 3: 1, 4: 2}",0
33,False,"{'a': 0.5, 'e': 0.9920445459517546}",25,0,-96.84500239287166,"{0: 18, 1: 1, 2: 4, 3: 0, 4: 2}",1
34,False,"{'a': 0.5, 'e': 0.9915402742527585}",20,-83,-346.6947632936474,"{0: 68, 1: 7, 2: 22, 3: 2, 4: 4}",0
35,False,"{'a': 0.5, 'e': 0.9910205755536332}",20,-37,-204.05705592390234,"{0: 36, 1: 3, 2: 15, 3: 1, 4: 2}",0
36,False,"{'a': 0.5, 'e': 0.9904854579401741}",20,-100,-812.7325837626425,"{0: 62, 1: 17, 2: 23, 3: 7, 4: 11}",0
37,False,"{'a': 0.5, 'e': 0.9899349297380738}",25,-100,-656.2182376675659,"{0: 76, 1: 13, 2: 22, 3: 4, 4: 10}",0
38,False,"{'a': 0.5, 'e': 0.9893689995127926}",20,-38,-230.5001085971447,"{0: 36, 1: 6, 2: 13, 3: 0, 4: 3}",0
39,False,"{'a': 0.5, 'e': 0.9887876760694244}",25,-4,-144.96186964541317,"{0: 20, 1: 1, 2: 3, 3: 3, 4: 2}",0
40,False,"{'a': 0.5, 'e': 0.9881909684525613}",30,7,-140.2768494782353,"{0: 13, 1: 1, 2: 6, 3: 1, 4: 2}",1
41,False,"{'a': 0.5, 'e': 0.9875788859461511}",30,-100,-597.8152676195199,"{0: 84, 1: 11, 2: 21, 3: 5, 4: 9}",0
42,False,"{'a': 0.5, 'e': 0.9869514380733541}",20,-99,-569.706467158642,"{0: 79, 1: 7, 2: 19, 3: 5, 4: 9}",0
43,False,"{'a': 0.5, 'e': 0.9863086345963944}",30,-2,-191.20683891707742,"{0: 18, 1: 3, 2: 7, 3: 1, 4: 3}",0
44,False,"{'a': 0.5, 'e': 0.9856504855164084}",20,-100,-644.6549487976577,"{0: 66, 1: 18, 2: 24, 3: 4, 4: 8}",0
45,False,"{'a': 0.5, 'e': 0.9849770010732886}",35,11,-175.90600714194758,"{0: 10, 1: 4, 2: 7, 3: 1, 4: 2}",1
46,False,"{'a': 0.5, 'e': 0.9842881917455246}",25,-100,-669.8810127655914,"{0: 71, 1: 13, 2: 27, 3: 6, 4: 8}",0
47,False,"{'a': 0.5, 'e': 0.9835840682500405}",20,-39,-350.69976340348256,"{0: 33, 1: 4, 2: 15, 3: 3, 4: 4}",0
48,False,"{'a': 0.5, 'e': 0.9828646415420272}",20,-50,-288.3290655602432,"{0: 48, 1: 7, 2: 7, 3: 3, 4: 5}",0
49,False,"{'a': 0.5, 'e': 0.9821299228147731}",25,-26,-194.90508018004977,"{0: 30, 1: 3, 2: 16, 3: 1, 4: 1}",0
50,False,"{'a': 0.5, 'e': 0.9813799234994885}",20,-20,-158.9838209416565,"{0: 27, 1: 5, 2: 2, 3: 4, 4: 2}",0
51,False,"{'a': 0.5, 'e': 0.9806146552651297}",25,-27,-152.77031674054493,"{0: 39, 1: 2, 2: 8, 3: 0, 4: 3}",0
52,False,"{'a': 0.5, 'e': 0.9798341300182153}",25,7,-67.23743572132598,"{0: 12, 1: 1, 2: 4, 3: 0, 4: 1}",1
53,False,"{'a': 0.5, 'e': 0.9790383599026425}",25,-25,-292.367562889252,"{0: 27, 1: 6, 2: 12, 3: 1, 4: 4}",0
54,False,"{'a': 0.5, 'e': 0.9782273572994977}",20,-37,-291.31288932573324,"{0: 36, 1: 4, 2: 12, 3: 0, 4: 5}",0
55,False,"{'a': 0.5, 'e': 0.9774011348268636}",25,-5,-74.88825610204054,"{0: 20, 1: 1, 2: 8, 3: 1, 4: 0}",0
56,False,"{'a': 0.5, 'e': 0.9765597053396233}",25,17,-21.460638671384615,"{0: 5, 1: 0, 2: 3, 3: 0, 4: 0}",1
57,False,"{'a': 0.5, 'e': 0.9757030819292598}",20,12,-7.264362516136297,"{0: 5, 1: 3, 2: 0, 3: 0, 4: 0}",1
58,False,"{'a': 0.5, 'e': 0.9748312779236528}",20,-18,-164.83384918721762,"{0: 19, 1: 5, 2: 13, 3: 0, 4: 1}",0
59,False,"{'a': 0.5, 'e': 0.9739443068868711}",20,-100,-639.6616492728642,"{0: 70, 1: 13, 2: 22, 3: 7, 4: 8}",0
60,False,"{'a': 0.5, 'e': 0.9730421826189617}",20,-100,-453.2690400406757,"{0: 77, 1: 8, 2: 25, 3: 6, 4: 4}",0
61,False,"{'a': 0.5, 'e': 0.9721249191557348}",20,12,-9.98851246430258,"{0: 6, 1: 0, 2: 2, 3: 0, 4: 0}",1
62,False,"{'a': 0.5, 'e': 0.9711925307685458}",30,-19,-227.8034372996934,"{0: 29, 1: 6, 2: 10, 3: 1, 4: 3}",0
63,False,"{'a': 0.5, 'e': 0.970245031964073}",20,-100,-792.9062246743441,"{0: 60, 1: 17, 2: 28, 3: 4, 4: 11}",0
64,False,"{'a': 0.5, 'e': 0.9692824374840918}",20,-23,-78.70897373565094,"{0: 29, 1: 5, 2: 8, 3: 1, 4: 0}",0
65,False,"{'a': 0.5, 'e': 0.9683047623052459}",20,2,-117.7391156411615,"{0: 8, 1: 2, 2: 6, 3: 1, 4: 1}",1
66,False,"{'a': 0.5, 'e': 0.9673120216388135}",25,20,9.408039578681642,"{0: 5, 1: 0, 2: 0, 3: 0, 4: 0}",1
67,False,"{'a': 0.5, 'e': 0.9663042309304711}",25,-52,-454.4581637700764,"{0: 42, 1: 13, 2: 12, 3: 3, 4: 7}",0
68,False,"{'a': 0.5, 'e': 0.9652814058600534}",25,8,-82.07489666064447,"{0: 13, 1: 0, 2: 2, 3: 0, 4: 2}",1
69,False,"{'a': 0.5, 'e': 0.9642435623413087}",30,-93,-568.4289164987066,"{0: 84, 1: 4, 2: 23, 3: 2, 4: 10}",0
70,False,"{'a': 0.5, 'e': 0.9631907165216519}",25,-62,-296.45242629453827,"{0: 55, 1: 11, 2: 16, 3: 2, 4: 3}",0
71,False,"{'a': 0.5, 'e': 0.9621228847819129}",25,-100,-577.0895708608033,"{0: 81, 1: 8, 2: 22, 3: 6, 4: 8}",0
72,False,"{'a': 0.5, 'e': 0.9610400837360817}",20,-50,-201.01398206249027,"{0: 50, 1: 5, 2: 11, 3: 1, 4: 3}",0
73,False,"{'a': 0.5, 'e': 0.9599423302310505}",20,-4,-90.94740479653403,"{0: 15, 1: 3, 2: 4, 3: 1, 4: 1}",0
74,False,"{'a': 0.5, 'e': 0.9588296413463508}",25,-16,-201.22407375176715,"{0: 26, 1: 2, 2: 9, 3: 1, 4: 3}",0
75,False,"{'a': 0.5, 'e': 0.9577020343938881}",30,-6,-208.0947309759949,"{0: 22, 1: 3, 2: 6, 3: 2, 4: 3}",0
76,False,"{'a': 0.5, 'e': 0.9565595269176728}",25,-17,-179.52247386951672,"{0: 26, 1: 5, 2: 8, 3: 0, 4: 3}",0
77,False,"{'a': 0.5, 'e': 0.9554021366935462}",25,-60,-364.83217262593604,"{0: 48, 1: 14, 2: 16, 3: 4, 4: 3}",0
78,False,"{'a': 0.5, 'e': 0.9542298817289053}",30,-60,-565.1065089175173,"{0: 52, 1: 6, 2: 20, 3: 3, 4: 9}",0
79,False,"{'a': 0.5, 'e': 0.9530427802624218}",35,-100,-607.9601702679116,"{0: 89, 1: 14, 2: 18, 3: 4, 4: 10}",0
80,False,"{'a': 0.5, 'e': 0.9518408507637585}",20,-100,-435.0596050987831,"{0: 80, 1: 14, 2: 15, 3: 5, 4: 6}",0
81,False,"{'a': 0.5, 'e': 0.9506241119332816}",30,-12,-189.84678258911282,"{0: 26, 1: 3, 2: 10, 3: 0, 4: 3}",0
82,False,"{'a': 0.5, 'e': 0.9493925827017707}",20,-30,-236.94363348333636,"{0: 31, 1: 4, 2: 10, 3: 2, 4: 3}",0
83,False,"{'a': 0.5, 'e': 0.9481462822301232}",20,0,-41.70733652638771,"{0: 13, 1: 1, 2: 6, 3: 0, 4: 0}",1
84,False,"{'a': 0.5, 'e': 0.9468852299090569}",20,-27,-219.91351742985904,"{0: 31, 1: 6, 2: 4, 3: 2, 4: 4}",0
85,False,"{'a': 0.5, 'e': 0.9456094453588078}",25,-59,-501.3125041562377,"{0: 46, 1: 9, 2: 18, 3: 5, 4: 6}",0
86,False,"{'a': 0.5, 'e': 0.9443189484288254}",20,9,-6.444443869855735,"{0: 9, 1: 0, 2: 2, 3: 0, 4: 0}",1
87,False,"{'a': 0.5, 'e': 0.9430137591974631}",20,-62,-425.3987169227431,"{0: 51, 1: 6, 2: 16, 3: 3, 4: 6}",0
88,False,"{'a': 0.5, 'e': 0.9416938979716668}",20,-100,-686.0414277959021,"{0: 70, 1: 9, 2: 26, 3: 6, 4: 9}",0
89,False,"{'a': 0.5, 'e': 0.9403593852866581}",25,-100,-577.9837669663508,"{0: 81, 1: 10, 2: 21, 3: 4, 4: 9}",0
90,False,"{'a': 0.5, 'e': 0.939010241905615}",20,-3,-186.1298161686334,"{0: 13, 1: 2, 2: 4, 3: 0, 4: 4}",0
91,False,"{'a': 0.5, 'e': 0.9376464888193493}",30,-13,-231.86421940167926,"{0: 29, 1: 1, 2: 7, 3: 2, 4: 4}",0
92,False,"{'a': 0.5, 'e': 0.9362681472459794}",20,-64,-231.61856603768877,"{0: 55, 1: 11, 2: 14, 3: 2, 4: 2}",0
93,False,"{'a': 0.5, 'e': 0.9348752386306005}",20,-80,-753.0901277590024,"{0: 59, 1: 5, 2: 20, 3: 1, 4: 15}",0
94,False,"{'a': 0.5, 'e': 0.9334677846449512}",20,-100,-682.5021833161231,"{0: 74, 1: 7, 2: 23, 3: 6, 4: 10}",0
95,False,"{'a': 0.5, 'e': 0.9320458071870754}",20,12,-81.74352798584984,"{0: 5, 1: 0, 2: 1, 3: 0, 4: 2}",1
96,False,"{'a': 0.5, 'e': 0.9306093283809829}",35,-67,-574.7357251822194,"{0: 64, 1: 9, 2: 14, 3: 6, 4: 9}",0
97,False,"{'a': 0.5, 'e': 0.929158370576304}",25,-100,-690.0647757323213,"{0: 77, 1: 14, 2: 20, 3: 2, 4: 12}",0
98,False,"{'a': 0.5, 'e': 0.9276929563479425}",25,-100,-604.1418392323696,"{0: 72, 1: 13, 2: 28, 3: 6, 4: 6}",0
99,False,"{'a': 0.5, 'e': 0.9262131084957241}",35,-60,-482.59404575989447,"{0: 59, 1: 9, 2: 14, 3: 7, 4: 6}",0
100,False,"{'a': 0.5, 'e': 0.924718850044042}",30,9,-123.7012266426338,"{0: 12, 1: 2, 2: 3, 3: 3, 4: 1}",1
101,False,"{'a': 0.5, 'e': 0.9232102042414981}",25,-94,-671.7393302754004,"{0: 70, 1: 6, 2: 28, 3: 7, 4: 8}",0
102,False,"{'a': 0.5, 'e': 0.9216871945605422}",25,-18,-167.50197850321442,"{0: 30, 1: 2, 2: 7, 3: 1, 4: 3}",0
103,False,"{'a': 0.5, 'e': 0.9201498446971056}",25,13,-84.12965665151546,"{0: 8, 1: 1, 2: 1, 3: 0, 4: 2}",1
104,False,"{'a': 0.5, 'e': 0.9185981785702335}",30,4,-96.86908623847955,"{0: 16, 1: 0, 2: 9, 3: 0, 4: 1}",1
105,False,"{'a': 0.5, 'e': 0.9170322203217125}",25,-6,-149.80141953541175,"{0: 20, 1: 3, 2: 5, 3: 0, 4: 3}",0
106,False,"{'a': 0.5, 'e': 0.9154519943156946}",20,-13,-169.73420489888076,"{0: 23, 1: 1, 2: 4, 3: 2, 4: 3}",0
107,False,"{'a': 0.5, 'e': 0.9138575251383185}",30,-100,-722.9950642796631,"{0: 77, 1: 17, 2: 19, 3: 6, 4: 11}",0
108,False,"{'a': 0.5, 'e': 0.9122488375973272}",20,-65,-471.04735195840016,"{0: 53, 1: 5, 2: 15, 3: 5, 4: 7}",0
109,False,"{'a': 0.5, 'e': 0.9106259567216819}",35,14,-46.91994507461825,"{0: 14, 1: 1, 2: 6, 3: 0, 4: 0}",1
110,False,"{'a': 0.5, 'e': 0.9089889077611721}",30,-23,-177.16598867932277,"{0: 36, 1: 5, 2: 7, 3: 3, 4: 2}",0
111,False,"{'a': 0.5, 'e': 0.9073377161860238}",25,11,-72.31866209793016,"{0: 10, 1: 2, 2: 0, 3: 0, 4: 2}",1
112,False,"{'a': 0.5, 'e': 0.9056724076865018}",20,-97,-324.87177094960265,"{0: 80, 1: 8, 2: 22, 3: 4, 4: 3}",0
113,False,"{'a': 0.5, 'e': 0.9039930081725116}",20,-96,-573.1560174789257,"{0: 74, 1: 13, 2: 15, 3: 5, 4: 9}",0
114,False,"{'a': 0.5, 'e': 0.9022995437731949}",30,-25,-286.65244017268674,"{0: 36, 1: 4, 2: 7, 3: 3, 4: 5}",0
115,False,"{'a': 0.5, 'e': 0.9005920408365238}",20,-100,-841.2678005318456,"{0: 70, 1: 10, 2: 20, 3: 5, 4: 15}",0
116,False,"{'a': 0.5, 'e': 0.8988705259288909}",35,-67,-425.9402172081353,"{0: 65, 1: 9, 2: 20, 3: 2, 4: 6}",0
117,False,"{'a': 0.5, 'e': 0.8971350258346954}",25,-93,-325.8353244181088,"{0: 87, 1: 6, 2: 17, 3: 3, 4: 5}",0
118,False,"{'a': 0.5, 'e': 0.895385567555927}",25,15,-13.665585910014194,"{0: 7, 1: 1, 2: 2, 3: 0, 4: 0}",1
119,False,"{'a': 0.5, 'e': 0.8936221783117455}",30,-2,-116.372399003349,"{0: 23, 1: 3, 2: 3, 3: 1, 4: 2}",0
120,False,"{'a': 0.5, 'e': 0.891844885538057}",20,10,11.382469250837708,"{0: 9, 1: 1, 2: 0, 3: 0, 4: 0}",1
121,False,"{'a': 0.5, 'e': 0.8900537168870878}",20,8,-11.28570795916933,"{0: 8, 1: 3, 2: 1, 3: 0, 4: 0}",1
122,False,"{'a': 0.5, 'e': 0.8882487002269535}",25,3,-54.66443702686999,"{0: 16, 1: 1, 2: 4, 3: 0, 4: 1}",1
123,False,"{'a': 0.5, 'e': 0.8864298636412256}",25,-15,-209.23993826167649,"{0: 25, 1: 1, 2: 9, 3: 2, 4: 3}",0
124,False,"{'a': 0.5, 'e': 0.8845972354284946}",20,1,-63.674637018814295,"{0: 13, 1: 1, 2: 4, 3: 0, 4: 1}",1
125,False,"{'a': 0.5, 'e': 0.8827508441019298}",20,-51,-356.3601476628876,"{0: 43, 1: 5, 2: 17, 3: 1, 4: 5}",0
126,False,"{'a': 0.5, 'e': 0.8808907183888357}",20,-63,-340.7795818233701,"{0: 56, 1: 5, 2: 16, 3: 0, 4: 6}",0
127,False,"{'a': 0.5, 'e': 0.8790168872302048}",20,-61,-331.48751469567094,"{0: 50, 1: 8, 2: 17, 3: 2, 4: 4}",0
128,False,"{'a': 0.5, 'e': 0.8771293797802671}",30,-20,-210.76585147372725,"{0: 35, 1: 2, 2: 7, 3: 3, 4: 3}",0
129,False,"{'a': 0.5, 'e': 0.8752282254060374}",30,-82,-369.6893716487502,"{0: 78, 1: 8, 2: 19, 3: 1, 4: 6}",0
130,False,"{'a': 0.5, 'e': 0.8733134536868576}",30,18,-53.14448678964703,"{0: 9, 1: 1, 2: 0, 3: 1, 4: 1}",1
131,False,"{'a': 0.5, 'e': 0.8713850944139366}",25,-62,-257.5248814324353,"{0: 61, 1: 4, 2: 16, 3: 4, 4: 2}",0
132,False,"{'a': 0.5, 'e': 0.8694431775898871}",20,14,1.0910197010733735,"{0: 5, 1: 0, 2: 1, 3: 0, 4: 0}",1
133,False,"{'a': 0.5, 'e': 0.8674877334282586}",20,-100,-687.9656492560473,"{0: 72, 1: 10, 2: 24, 3: 3, 4: 11}",0
134,False,"{'a': 0.5, 'e': 0.8655187923530672}",25,7,-44.69419196163264,"{0: 13, 1: 3, 2: 1, 3: 0, 4: 1}",1
135,False,"{'a': 0.5, 'e': 0.8635363849983224}",20,-100,-539.472359823829,"{0: 75, 1: 10, 2: 25, 3: 3, 4: 7}",0
136,False,"{'a': 0.5, 'e': 0.8615405422075505}",25,-17,-84.31981006492472,"{0: 27, 1: 5, 2: 10, 3: 0, 4: 0}",0
137,False,"{'a': 0.5, 'e': 0.8595312950333147}",30,-16,-158.38816011809135,"{0: 29, 1: 7, 2: 7, 3: 1, 4: 2}",0
138,False,"{'a': 0.5, 'e': 0.857508674736732}",25,-50,-376.0866056799679,"{0: 50, 1: 4, 2: 13, 3: 1, 4: 7}",0
139,False,"{'a': 0.5, 'e': 0.8554727127869864}",20,-24,-23.4561691460334,"{0: 35, 1: 4, 2: 4, 3: 1, 4: 0}",0
140,False,"{'a': 0.5, 'e': 0.8534234408608401}",25,-14,-269.0986262721476,"{0: 23, 1: 3, 2: 5, 3: 4, 4: 4}",0
141,False,"{'a': 0.5, 'e': 0.8513608908421398}",20,-5,-142.005440694168,"{0: 14, 1: 1, 2: 8, 3: 0, 4: 2}",0
142,False,"{'a': 0.5, 'e': 0.8492850948213214}",20,-59,-227.02790398841753,"{0: 60, 1: 4, 2: 8, 3: 3, 4: 4}",0
143,False,"{'a': 0.5, 'e': 0.84719608509491}",20,-4,7.543071664303245,"{0: 22, 1: 0, 2: 1, 3: 1, 4: 0}",0
144,False,"{'a': 0.5, 'e': 0.8450938941650177}",25,-55,-439.06682693482503,"{0: 48, 1: 6, 2: 16, 3: 4, 4: 6}",0
145,False,"{'a': 0.5, 'e': 0.8429785547388384}",25,-88,-549.2528532628712,"{0: 68, 1: 16, 2: 19, 3: 1, 4: 9}",0
146,False,"{'a': 0.5, 'e': 0.8408500997281382}",25,-25,-209.89467032223615,"{0: 35, 1: 4, 2: 6, 3: 1, 4: 4}",0
147,False,"{'a': 0.5, 'e': 0.8387085622487435}",20,-100,-404.09650822689525,"{0: 80, 1: 12, 2: 20, 3: 3, 4: 5}",0
148,False,"{'a': 0.5, 'e': 0.836553975620026}",30,-16,-79.08220780071532,"{0: 33, 1: 2, 2: 10, 3: 1, 4: 0}",0
149,False,"{'a': 0.5, 'e': 0.8343863733643844}",35,-11,-210.9427772356514,"{0: 30, 1: 3, 2: 8, 3: 2, 4: 3}",0
150,False,"{'a': 0.5, 'e': 0.8322057892067222}",20,-100,-237.4556305660818,"{0: 94, 1: 5, 2: 15, 3: 1, 4: 5}",0
151,False,"{'a': 0.5, 'e': 0.8300122570739237}",25,-5,-89.46134157878056,"{0: 20, 1: 0, 2: 8, 3: 2, 4: 0}",0
152,False,"{'a': 0.5, 'e': 0.8278058110943258}",20,-71,-279.95239558852865,"{0: 63, 1: 8, 2: 11, 3: 7, 4: 2}",0
153,False,"{'a': 0.5, 'e': 0.8255864855971871}",20,-100,-471.965282573506,"{0: 84, 1: 5, 2: 18, 3: 7, 4: 6}",0
154,False,"{'a': 0.5, 'e': 0.8233543151121534}",30,-43,-226.34594892189634,"{0: 53, 1: 4, 2: 9, 3: 4, 4: 3}",0
155,False,"{'a': 0.5, 'e': 0.8211093343687214}",25,-68,-337.9744605210147,"{0: 60, 1: 7, 2: 18, 3: 5, 4: 3}",0
156,False,"{'a': 0.5, 'e': 0.8188515782956971}",20,-15,-165.1030719733245,"{0: 21, 1: 4, 2: 7, 3: 1, 4: 2}",0
157,False,"{'a': 0.5, 'e': 0.8165810820206537}",20,4,-101.77822525689764,"{0: 10, 1: 0, 2: 4, 3: 0, 4: 2}",1
158,False,"{'a': 0.5, 'e': 0.8142978808693839}",25,-33,-250.94910383963443,"{0: 43, 1: 3, 2: 4, 3: 3, 4: 5}",0
159,False,"{'a': 0.5, 'e': 0.8120020103653509}",30,-5,-199.32556064325914,"{0: 23, 1: 1, 2: 6, 3: 1, 4: 4}",0
160,False,"{'a': 0.5, 'e': 0.8096935062291355}",25,14,-60.01575758846215,"{0: 7, 1: 0, 2: 3, 3: 0, 4: 1}",1
161,False,"{'a': 0.5, 'e': 0.8073724043778806}",20,-78,-405.0288422754775,"{0: 63, 1: 6, 2: 21, 3: 3, 4: 5}",0
162,False,"{'a': 0.5, 'e': 0.805038740924732}",25,-3,-33.327105949148745,"{0: 20, 1: 2, 2: 6, 3: 0, 4: 0}",0
163,False,"{'a': 0.5, 'e': 0.802692552178277}",20,-7,-44.85157773707131,"{0: 22, 1: 0, 2: 4, 3: 0, 4: 1}",0
164,False,"{'a': 0.5, 'e': 0.8003338746419787}",35,-23,-236.59437608403556,"{0: 38, 1: 4, 2: 12, 3: 0, 4: 4}",0
165,False,"{'a': 0.5, 'e': 0.7979627450136089}",25,5,-11.584949525618876,"{0: 16, 1: 1, 2: 3, 3: 0, 4: 0}",1
166,False,"{'a': 0.5, 'e': 0.7955792001846769}",20,11,-17.52678531588051,"{0: 5, 1: 3, 2: 1, 3: 0, 4: 0}",1
167,False,"{'a': 0.5, 'e': 0.793183277239855}",30,15,-57.941819388761964,"{0: 11, 1: 0, 2: 2, 3: 1, 4: 1}",1
168,False,"{'a': 0.5, 'e': 0.7907750134564023}",20,-100,-516.6141697395875,"{0: 80, 1: 7, 2: 21, 3: 5, 4: 7}",0
169,False,"{'a': 0.5, 'e': 0.7883544463035842}",30,1,-37.48061799907046,"{0: 22, 1: 3, 2: 2, 3: 2, 4: 0}",1
170,False,"{'a': 0.5, 'e': 0.7859216134420897}",20,-10,-76.01000478128539,"{0: 22, 1: 2, 2: 4, 3: 1, 4: 1}",0
171,False,"{'a': 0.5, 'e': 0.7834765527234451}",25,-51,-299.41120163514967,"{0: 54, 1: 7, 2: 6, 3: 4, 4: 5}",0
172,False,"{'a': 0.5, 'e': 0.7810193021894253}",25,-34,-88.99246817657802,"{0: 44, 1: 5, 2: 7, 3: 2, 4: 1}",0
173,False,"{'a': 0.5, 'e': 0.7785499000714621}",35,4,-110.29066477412718,"{0: 21, 1: 3, 2: 5, 3: 0, 4: 2}",1
174,False,"{'a': 0.5, 'e': 0.7760683847900491}",20,-13,-121.16765730274238,"{0: 19, 1: 4, 2: 9, 3: 0, 4: 1}",0
175,False,"{'a': 0.5, 'e': 0.7735747949541442}",30,-100,-475.71754850333565,"{0: 92, 1: 6, 2: 22, 3: 2, 4: 8}",0
176,False,"{'a': 0.5, 'e': 0.7710691693605685}",20,-100,-501.6652361069675,"{0: 80, 1: 9, 2: 20, 3: 3, 4: 8}",0
177,False,"{'a': 0.5, 'e': 0.7685515469934029}",25,-9,-175.96975967584947,"{0: 21, 1: 2, 2: 8, 3: 0, 4: 3}",0
178,False,"{'a': 0.5, 'e': 0.7660219670233819}",25,-42,-140.4984986212476,"{0: 54, 1: 6, 2: 3, 3: 0, 4: 4}",0
179,False,"{'a': 0.5, 'e': 0.7634804688072833}",20,-40,-215.93319340685878,"{0: 41, 1: 4, 2: 8, 3: 5, 4: 2}",0
180,False,"{'a': 0.5, 'e': 0.7609270918873169}",25,-22,-173.16014876091498,"{0: 36, 1: 2, 2: 4, 3: 1, 4: 4}",0
181,False,"{'a': 0.5, 'e': 0.7583618759905082}",25,-6,-177.94790017536573,"{0: 22, 1: 1, 2: 4, 3: 0, 4: 4}",0
182,False,"{'a': 0.5, 'e': 0.7557848610280815}",25,-64,-163.8524099349116,"{0: 67, 1: 8, 2: 9, 3: 3, 4: 2}",0
183,False,"{'a': 0.5, 'e': 0.7531960870948379}",20,-2,-61.687108866874766,"{0: 17, 1: 0, 2: 2, 3: 2, 4: 1}",0
184,False,"{'a': 0.5, 'e': 0.7505955944685317}",25,-66,-278.03877553672737,"{0: 63, 1: 7, 2: 16, 3: 1, 4: 4}",0
185,False,"{'a': 0.5, 'e': 0.7479834236092445}",25,-3,-146.55546695524188,"{0: 16, 1: 2, 2: 7, 3: 1, 4: 2}",0
186,False,"{'a': 0.5, 'e': 0.7453596151587548}",30,-20,-208.5484013646558,"{0: 29, 1: 8, 2: 6, 3: 6, 4: 1}",0
187,False,"{'a': 0.5, 'e': 0.7427242099399057}",30,3,-120.68324528236809,"{0: 17, 1: 4, 2: 3, 3: 1, 4: 2}",1
188,False,"{'a': 0.5, 'e': 0.7400772489559705}",25,-38,-180.5246431282985,"{0: 45, 1: 3, 2: 11, 3: 2, 4: 2}",0
189,False,"{'a': 0.5, 'e': 0.7374187733900138}",25,-25,-279.4225540738791,"{0: 28, 1: 4, 2: 12, 3: 3, 4: 3}",0
190,False,"{'a': 0.5, 'e': 0.734748824604252}",30,-21,-134.47443107248043,"{0: 32, 1: 9, 2: 8, 3: 1, 4: 1}",0
191,False,"{'a': 0.5, 'e': 0.732067444139408}",30,-22,-249.13102427767336,"{0: 35, 1: 5, 2: 6, 3: 1, 4: 5}",0
192,False,"{'a': 0.5, 'e': 0.7293746737140667}",25,-37,-224.83697563235492,"{0: 39, 1: 6, 2: 13, 3: 1, 4: 3}",0
193,False,"{'a': 0.5, 'e': 0.7266705552240246}",20,10,-15.795909555475005,"{0: 7, 1: 0, 2: 3, 3: 0, 4: 0}",1
194,False,"{'a': 0.5, 'e': 0.7239551307416384}",20,8,-50.13513962958037,"{0: 9, 1: 0, 2: 1, 3: 1, 4: 1}",1
195,False,"{'a': 0.5, 'e': 0.721228442515171}",20,-8,-55.49480513063573,"{0: 21, 1: 3, 2: 3, 3: 0, 4: 1}",0
196,False,"{'a': 0.5, 'e': 0.7184905329681333}",20,-28,-239.01361396082427,"{0: 31, 1: 2, 2: 10, 3: 1, 4: 4}",0
197,False,"{'a': 0.5, 'e': 0.7157414446986242}",20,4,-81.47471905445013,"{0: 12, 1: 0, 2: 2, 3: 0, 4: 2}",1
198,False,"{'a': 0.5, 'e': 0.7129812204786684}",20,4,-40.77066823708312,"{0: 10, 1: 2, 2: 3, 3: 1, 4: 0}",1
199,False,"{'a': 0.5, 'e': 0.7102099032535508}",30,-1,-154.0308597060174,"{0: 22, 1: 1, 2: 4, 3: 1, 4: 3}",1
200,False,"{'a': 0.5, 'e': 0.7074275361411481}",20,-30,-248.0761954008521,"{0: 34, 1: 4, 2: 6, 3: 1, 4: 5}",0
201,False,"{'a': 0.5, 'e': 0.7046341624312575}",20,0,-125.45119746130942,"{0: 13, 1: 2, 2: 2, 3: 0, 4: 3}",1
202,False,"{'a': 0.5, 'e': 0.7018298255849245}",30,-7,-270.05466396826114,"{0: 23, 1: 1, 2: 5, 3: 3, 4: 5}",0
203,False,"{'a': 0.5, 'e': 0.6990145692337654}",20,1,-61.31736708261793,"{0: 13, 1: 3, 2: 1, 3: 1, 4: 1}",1
204,False,"{'a': 0.5, 'e': 0.696188437179289}",30,-70,-439.7723289516863,"{0: 64, 1: 8, 2: 20, 3: 1, 4: 7}",0
205,False,"{'a': 0.5, 'e': 0.693351473392215}",20,14,12.391657175938473,"{0: 6, 1: 0, 2: 0, 3: 0, 4: 0}",1
206,False,"{'a': 0.5, 'e': 0.6905037220117902}",25,8,-36.79392792420146,"{0: 14, 1: 0, 2: 2, 3: 0, 4: 1}",1
207,False,"{'a': 0.5, 'e': 0.6876452273451014}",35,-14,-106.20330345886124,"{0: 37, 1: 5, 2: 4, 3: 1, 4: 2}",0
208,False,"{'a': 0.5, 'e': 0.6847760338663857}",25,4,-34.039836158418275,"{0: 16, 1: 3, 2: 1, 3: 0, 4: 1}",1
209,False,"{'a': 0.5, 'e': 0.6818961862163396}",20,-16,-159.8739791331883,"{0: 27, 1: 1, 2: 4, 3: 0, 4: 4}",0
210,False,"{'a': 0.5, 'e': 0.6790057292014234}",30,-12,-160.2760739463443,"{0: 31, 1: 5, 2: 2, 3: 0, 4: 4}",0
211,False,"{'a': 0.5, 'e': 0.6761047077931648}",30,21,-10.276474601077604,"{0: 6, 1: 2, 2: 1, 3: 0, 4: 0}",1
212,False,"{'a': 0.5, 'e': 0.6731931671274586}",20,0,-31.616313561251676,"{0: 16, 1: 2, 2: 1, 3: 0, 4: 1}",1
213,False,"{'a': 0.5, 'e': 0.6702711525038648}",20,0,-69.20741184617347,"{0: 15, 1: 2, 2: 0, 3: 2, 4: 1}",1
214,False,"{'a': 0.5, 'e': 0.6673387093849039}",20,10,-9.919012453673343,"{0: 7, 1: 1, 2: 2, 3: 0, 4: 0}",1
215,False,"{'a': 0.5, 'e': 0.6643958833953495}",30,8,-59.783643009800784,"{0: 15, 1: 1, 2: 4, 3: 2, 4: 0}",1
216,False,"{'a': 0.5, 'e': 0.661442720321518}",20,11,-19.63896531655088,"{0: 5, 1: 2, 2: 2, 3: 0, 4: 0}",1
217,False,"{'a': 0.5, 'e': 0.658479266110557}",20,-60,-188.47250950013157,"{0: 58, 1: 5, 2: 12, 3: 3, 4: 2}",0
218,False,"{'a': 0.5, 'e': 0.6555055668697294}",30,6,-72.48652815975808,"{0: 17, 1: 2, 2: 3, 3: 1, 4: 1}",1
219,False,"{'a': 0.5, 'e': 0.6525216688656974}",20,-4,-65.42378632025833,"{0: 19, 1: 2, 2: 0, 3: 2, 4: 1}",0
220,False,"{'a': 0.5, 'e': 0.6495276185238016}",20,-3,-45.57200239542622,"{0: 16, 1: 2, 2: 4, 3: 1, 4: 0}",0
221,False,"{'a': 0.5, 'e': 0.6465234624273387}",20,-14,-65.64983168231075,"{0: 25, 1: 3, 2: 5, 3: 0, 4: 1}",0
222,False,"{'a': 0.5, 'e': 0.6435092473168372}",25,-14,-76.56587965896969,"{0: 28, 1: 3, 2: 7, 3: 0, 4: 1}",0
223,False,"{'a': 0.5, 'e': 0.6404850200893303}",25,-22,-131.64527938332407,"{0: 31, 1: 4, 2: 10, 3: 1, 4: 1}",0
224,False,"{'a': 0.5, 'e': 0.6374508277976254}",20,4,-21.192542378288504,"{0: 12, 1: 1, 2: 2, 3: 1, 4: 0}",1
225,False,"{'a': 0.5, 'e': 0.6344067176495731}",35,-23,-158.10354379651247,"{0: 40, 1: 3, 2: 10, 3: 4, 4: 1}",0
226,False,"{'a': 0.5, 'e': 0.6313527370073317}",20,5,1.2094953652588047,"{0: 13, 1: 0, 2: 2, 3: 0, 4: 0}",1
227,False,"{'a': 0.5, 'e': 0.6282889333866312}",20,15,7.42209026978821,"{0: 5, 1: 0, 2: 0, 3: 0, 4: 0}",1
228,False,"{'a': 0.5, 'e': 0.6252153544560332}",20,15,2.8783579406967945,"{0: 4, 1: 1, 2: 0, 3: 0, 4: 0}",1
229,False,"{'a': 0.5, 'e': 0.62213204803619}",25,11,-12.943750108663895,"{0: 11, 1: 0, 2: 3, 3: 0, 4: 0}",1
230,False,"{'a': 0.5, 'e': 0.6190390620991001}",20,12,17.50485224698894,"{0: 8, 1: 0, 2: 0, 3: 0, 4: 0}",1
231,False,"{'a': 0.5, 'e': 0.6159364447673619}",20,-11,-69.20808478779344,"{0: 23, 1: 1, 2: 6, 3: 0, 4: 1}",0
232,False,"{'a': 0.5, 'e': 0.612824244313425}",20,10,-5.717458687410055,"{0: 9, 1: 0, 2: 0, 3: 1, 4: 0}",1
233,False,"{'a': 0.5, 'e': 0.6097025091588394}",20,1,-99.49420550344166,"{0: 14, 1: 0, 2: 2, 3: 1, 4: 2}",1
234,False,"{'a': 0.5, 'e': 0.6065712878735016}",20,10,5.4741725377828026,"{0: 9, 1: 0, 2: 1, 3: 0, 4: 0}",1
235,False,"{'a': 0.5, 'e': 0.6034306291748992}",25,-3,-27.30375209720588,"{0: 24, 1: 1, 2: 1, 3: 1, 4: 1}",0
236,False,"{'a': 0.5, 'e': 0.6002805819273536}",30,-31,-257.0139030665007,"{0: 42, 1: 4, 2: 10, 3: 0, 4: 5}",0
237,False,"{'a': 0.5, 'e': 0.597121195141258}",30,10,-19.31170588433155,"{0: 15, 1: 1, 2: 4, 3: 0, 4: 0}",1
238,False,"{'a': 0.5, 'e': 0.5939525179723171}",30,14,-72.91294053992642,"{0: 9, 1: 4, 2: 1, 3: 1, 4: 1}",1
239,False,"{'a': 0.5, 'e': 0.5907745997207801}",20,-28,-3.530529881592221,"{0: 40, 1: 4, 2: 3, 3: 1, 4: 0}",0
240,False,"{'a': 0.5, 'e': 0.5875874898306754}",30,-8,-80.55573488934145,"{0: 31, 1: 2, 2: 1, 3: 2, 4: 2}",0
241,False,"{'a': 0.5, 'e': 0.5843912378890406}",20,-9,-42.88987341742395,"{0: 23, 1: 1, 2: 3, 3: 2, 4: 0}",0
242,False,"{'a': 0.5, 'e': 0.5811858936251505}",20,-5,-38.61648048701673,"{0: 20, 1: 1, 2: 3, 3: 0, 4: 1}",0
243,False,"{'a': 0.5, 'e': 0.5779715069097444}",20,4,-73.2401207621494,"{0: 12, 1: 1, 2: 1, 3: 0, 4: 2}",1
244,False,"{'a': 0.5, 'e': 0.5747481277542497}",20,-24,-77.49323537742166,"{0: 35, 1: 5, 2: 1, 3: 1, 4: 2}",0
245,False,"{'a': 0.5, 'e': 0.5715158063100034}",20,11,-11.379207429384115,"{0: 7, 1: 0, 2: 2, 3: 0, 4: 0}",1
246,False,"{'a': 0.5, 'e': 0.5682745928674724}",20,-7,-58.155362915389496,"{0: 21, 1: 1, 2: 3, 3: 1, 4: 1}",0
247,False,"{'a': 0.5, 'e': 0.5650245378554709}",25,-62,-390.2013887758964,"{0: 63, 1: 2, 2: 11, 3: 3, 4: 8}",0
248,False,"{'a': 0.5, 'e': 0.5617656918403757}",20,7,6.137029077056059,"{0: 11, 1: 1, 2: 1, 3: 0, 4: 0}",1
249,False,"{'a': 0.5, 'e': 0.5584981055253394}",25,6,-73.82086174848276,"{0: 12, 1: 3, 2: 2, 3: 1, 4: 1}",1
250,False,"{'a': 0.5, 'e': 0.5552218297495017}",20,14,8.131486456617367,"{0: 6, 1: 0, 2: 0, 3: 0, 4: 0}",1
251,False,"{'a': 0.5, 'e': 0.5519369154871983}",20,2,-4.413728407848769,"{0: 14, 1: 2, 2: 2, 3: 0, 4: 0}",1
252,False,"{'a': 0.5, 'e': 0.5486434138471679}",25,-19,-101.95826556863246,"{0: 36, 1: 1, 2: 3, 3: 2, 4: 2}",0
253,False,"{'a': 0.5, 'e': 0.5453413760717569}",20,9,-35.78873459267836,"{0: 7, 1: 0, 2: 3, 3: 1, 4: 0}",1
254,False,"{'a': 0.5, 'e': 0.5420308535361222}",25,14,14.712395933933495,"{0: 10, 1: 1, 2: 0, 3: 0, 4: 0}",1
255,False,"{'a': 0.5, 'e': 0.538711897747432}",20,3,25.185457110348384,"{0: 16, 1: 1, 2: 0, 3: 0, 4: 0}",1
256,False,"{'a': 0.5, 'e': 0.5353845603440642}",30,-12,-183.398710736119,"{0: 28, 1: 1, 2: 7, 3: 4, 4: 2}",0
257,False,"{'a': 0.5, 'e': 0.5320488930948029}",25,8,-74.1662157673769,"{0: 13, 1: 0, 2: 2, 3: 0, 4: 2}",1
258,False,"{'a': 0.5, 'e': 0.5287049478980332}",20,4,-26.773586088205406,"{0: 12, 1: 0, 2: 3, 3: 1, 4: 0}",1
259,False,"{'a': 0.5, 'e': 0.5253527767809343}",25,-3,-147.8558239217849,"{0: 18, 1: 1, 2: 5, 3: 2, 4: 2}",0
260,False,"{'a': 0.5, 'e': 0.5219924318986682}",25,8,-33.73728397787392,"{0: 13, 1: 0, 2: 2, 3: 2, 4: 0}",1
261,False,"{'a': 0.5, 'e': 0.5186239655335705}",25,13,-12.545651434395573,"{0: 9, 1: 0, 2: 3, 3: 0, 4: 0}",1
262,False,"{'a': 0.5, 'e': 0.515247430094335}",35,-6,-43.97177546729681,"{0: 32, 1: 2, 2: 5, 3: 2, 4: 0}",0
263,False,"{'a': 0.5, 'e': 0.5118628781152}",30,-8,-70.39054021430579,"{0: 30, 1: 4, 2: 2, 3: 0, 4: 2}",0
264,False,"{'a': 0.5, 'e': 0.5084703622551296}",35,17,-43.21193878482674,"{0: 14, 1: 0, 2: 3, 3: 0, 4: 1}",1
265,False,"{'a': 0.5, 'e': 0.505069935296995}",25,6,-56.08495532895041,"{0: 16, 1: 0, 2: 0, 3: 2, 4: 1}",1
266,False,"{'a': 0.5, 'e': 0.501661650146753}",20,8,11.005032048859402,"{0: 11, 1: 0, 2: 1, 3: 0, 4: 0}",1
267,False,"{'a': 0.5, 'e': 0.4982455598326237}",25,17,10.282153573756391,"{0: 7, 1: 1, 2: 0, 3: 0, 4: 0}",1
268,False,"{'a': 0.5, 'e': 0.49482171750426385}",25,9,-53.56509996031856,"{0: 12, 1: 1, 2: 1, 3: 1, 4: 1}",1
269,False,"{'a': 0.5, 'e': 0.4913901764319418}",25,8,-38.002397363365134,"{0: 13, 1: 1, 2: 2, 3: 0, 4: 1}",1
270,False,"{'a': 0.5, 'e': 0.48795099000570696}",20,-2,-95.81153740971706,"{0: 17, 1: 0, 2: 2, 3: 1, 4: 2}",0
271,False,"{'a': 0.5, 'e': 0.48450421173456026}",35,19,-74.71970832464028,"{0: 13, 1: 0, 2: 0, 3: 1, 4: 2}",1
272,False,"{'a': 0.5, 'e': 0.48104989524562164}",35,-11,4.123538830401322,"{0: 40, 1: 2, 2: 3, 3: 1, 4: 0}",0
273,False,"{'a': 0.5, 'e': 0.4775880942832944}",25,11,-30.910981179312667,"{0: 11, 1: 1, 2: 1, 3: 0, 4: 1}",1
274,False,"{'a': 0.5, 'e': 0.4741188627084308}",30,-4,-145.09497780770292,"{0: 24, 1: 1, 2: 4, 3: 3, 4: 2}",0
275,False,"{'a': 0.5, 'e': 0.4706422544974929}",20,3,-12.526339646818471,"{0: 15, 1: 1, 2: 0, 3: 0, 4: 1}",1
276,False,"{'a': 0.5, 'e': 0.4671583237417128}",25,-7,-19.959492292509857,"{0: 28, 1: 1, 2: 1, 3: 1, 4: 1}",0
277,False,"{'a': 0.5, 'e': 0.46366712464625176}",30,13,-37.769356150151154,"{0: 14, 1: 0, 2: 2, 3: 0, 4: 1}",1
278,False,"{'a': 0.5, 'e': 0.4601687115293558}",20,9,-53.42478646779408,"{0: 8, 1: 0, 2: 1, 3: 1, 4: 1}",1
279,False,"{'a': 0.5, 'e': 0.4566631388215117}",25,13,-0.6030092671225633,"{0: 10, 1: 1, 2: 1, 3: 0, 4: 0}",1
280,False,"{'a': 0.5, 'e': 0.45315046106459966}",20,5,-21.524153845157915,"{0: 13, 1: 1, 2: 0, 3: 0, 4: 1}",1
281,False,"{'a': 0.5, 'e': 0.449630732911044}",25,17,-5.625628383978884,"{0: 6, 1: 1, 2: 1, 3: 0, 4: 0}",1
282,False,"{'a': 0.5, 'e': 0.4461040091229641}",20,5,-22.892602949904305,"{0: 13, 1: 0, 2: 1, 3: 0, 4: 1}",1
283,False,"{'a': 0.5, 'e': 0.44257034457132177}",20,-6,12.977127821892363,"{0: 22, 1: 2, 2: 2, 3: 0, 4: 0}",0
284,False,"{'a': 0.5, 'e': 0.439029794235067}",25,12,11.207992898038267,"{0: 11, 1: 2, 2: 0, 3: 0, 4: 0}",1
285,False,"{'a': 0.5, 'e': 0.43548241320028375}",30,-4,-22.797897242011203,"{0: 29, 1: 0, 2: 4, 3: 0, 4: 1}",0
286,False,"{'a': 0.5, 'e': 0.4319282566593316}",30,16,-36.63139652146272,"{0: 11, 1: 1, 2: 1, 3: 0, 4: 1}",1
287,False,"{'a': 0.5, 'e': 0.4283673799099882}",25,19,12.03266663957869,"{0: 6, 1: 0, 2: 0, 3: 0, 4: 0}",1
288,False,"{'a': 0.5, 'e': 0.42479983835458834}",35,18,-15.498743857845422,"{0: 14, 1: 0, 2: 2, 3: 1, 4: 0}",1
289,False,"{'a': 0.5, 'e': 0.4212256874991615}",20,12,15.798504377306154,"{0: 8, 1: 0, 2: 0, 3: 0, 4: 0}",1
290,False,"{'a': 0.5, 'e': 0.41764498295256947}",25,-9,0.7263114713327026,"{0: 29, 1: 1, 2: 4, 3: 0, 4: 0}",0
291,False,"{'a': 0.5, 'e': 0.4140577804256397}",20,12,17.450920218153804,"{0: 8, 1: 0, 2: 0, 3: 0, 4: 0}",1
292,False,"{'a': 0.5, 'e': 0.4104641357302998}",25,18,-10.333992670494746,"{0: 6, 1: 0, 2: 0, 3: 1, 4: 0}",1
293,False,"{'a': 0.5, 'e': 0.4068641047787087}",30,-2,-50.423555996116136,"{0: 25, 1: 1, 2: 5, 3: 0, 4: 1}",0
294,False,"{'a': 0.5, 'e': 0.40325774358238603}",20,2,-3.297413339326895,"{0: 15, 1: 1, 2: 1, 3: 1, 4: 0}",1
295,False,"{'a': 0.5, 'e': 0.399645108251342}",20,1,20.908663568130695,"{0: 18, 1: 0, 2: 1, 3: 0, 4: 0}",1
296,False,"{'a': 0.5, 'e': 0.39602625499320354}",20,8,2.408028887833863,"{0: 10, 1: 0, 2: 2, 3: 0, 4: 0}",1
297,False,"{'a': 0.5, 'e': 0.39240124011233946}",25,12,13.569091916731919,"{0: 12, 1: 0, 2: 1, 3: 0, 4: 0}",1
298,False,"{'a': 0.5, 'e': 0.3887701200089858}",20,6,-31.1552074374949,"{0: 11, 1: 1, 2: 1, 3: 0, 4: 1}",1
299,False,"{'a': 0.5, 'e': 0.38513295117836654}",25,3,-70.31618795969419,"{0: 16, 1: 2, 2: 1, 3: 2, 4: 1}",1
300,False,"{'a': 0.5, 'e': 0.38148979020981616}",30,12,-61.59006144983096,"{0: 15, 1: 0, 2: 1, 3: 0, 4: 2}",1
301,False,"{'a': 0.5, 'e': 0.37784069378589846}",25,14,8.07555144657635,"{0: 10, 1: 0, 2: 1, 3: 0, 4: 0}",1
302,False,"{'a': 0.5, 'e': 0.3741857186815243}",20,-7,13.43569324810156,"{0: 24, 1: 1, 2: 2, 3: 0, 4: 0}",0
303,False,"{'a': 0.5, 'e': 0.37052492176306917}",25,17,-5.6733441124987625,"{0: 7, 1: 0, 2: 0, 3: 1, 4: 0}",1
304,False,"{'a': 0.5, 'e': 0.3668583599874881}",20,9,18.097589462569967,"{0: 11, 1: 0, 2: 0, 3: 0, 4: 0}",1
305,False,"{'a': 0.5, 'e': 0.3631860904014286}",20,3,16.032412943507634,"{0: 16, 1: 0, 2: 1, 3: 0, 4: 0}",1
306,False,"{'a': 0.5, 'e': 0.35950817014034475}",35,-6,-33.569986281783514,"{0: 35, 1: 1, 2: 3, 3: 1, 4: 1}",0
307,False,"{'a': 0.5, 'e': 0.35582465642760647}",25,15,-22.496620041077936,"{0: 9, 1: 0, 2: 0, 3: 0, 4: 1}",1
308,False,"{'a': 0.5, 'e': 0.35213560657361076}",25,16,-6.130155776735233,"{0: 7, 1: 0, 2: 2, 3: 0, 4: 0}",1
309,False,"{'a': 0.5, 'e': 0.3484410779748893}",25,-3,-1.3096409182262234,"{0: 23, 1: 2, 2: 3, 3: 0, 4: 0}",0
310,False,"{'a': 0.5, 'e': 0.34474112811321495}",20,-14,-25.242315443922546,"{0: 30, 1: 0, 2: 2, 3: 1, 4: 1}",0
311,False,"{'a': 0.5, 'e': 0.34103581455470844}",20,7,2.97544837382787,"{0: 11, 1: 0, 2: 2, 3: 0, 4: 0}",1
312,False,"{'a': 0.5, 'e': 0.33732519494894225}",20,-1,16.345325575522075,"{0: 19, 1: 1, 2: 1, 3: 0, 4: 0}",1
313,False,"{'a': 0.5, 'e': 0.33360932702804313}",25,10,-43.35061143303437,"{0: 11, 1: 1, 2: 2, 3: 0, 4: 1}",1
314,False,"{'a': 0.5, 'e': 0.3298882686057952}",30,8,30.89291701788229,"{0: 21, 1: 0, 2: 1, 3: 0, 4: 0}",1
315,False,"{'a': 0.5, 'e': 0.3261620775767386}",30,3,29.23197211836908,"{0: 25, 1: 1, 2: 1, 3: 0, 4: 0}",1
316,False,"{'a': 0.5, 'e': 0.3224308119152706}",20,12,4.078556533280088,"{0: 7, 1: 0, 2: 1, 3: 0, 4: 0}",1
317,False,"{'a': 0.5, 'e': 0.3186945296747427}",20,-7,-49.79273522032899,"{0: 22, 1: 1, 2: 2, 3: 1, 4: 1}",0
318,False,"{'a': 0.5, 'e': 0.3149532889865568}",20,-6,-31.35477679388236,"{0: 24, 1: 0, 2: 0, 3: 0, 4: 2}",0
319,False,"{'a': 0.5, 'e': 0.31120714805926203}",20,-3,-31.253929891172504,"{0: 19, 1: 0, 2: 3, 3: 0, 4: 1}",0
320,False,"{'a': 0.5, 'e': 0.3074561651776485}",30,15,13.59288368263237,"{0: 14, 1: 0, 2: 1, 3: 0, 4: 0}",1
321,False,"{'a': 0.5, 'e': 0.3037003987018399}",25,17,7.090227777171986,"{0: 7, 1: 1, 2: 0, 3: 0, 4: 0}",1
322,False,"{'a': 0.5, 'e': 0.29993990706638674}",25,10,2.601048284425097,"{0: 12, 1: 1, 2: 2, 3: 0, 4: 0}",1
323,False,"{'a': 0.5, 'e': 0.2961747487793558}",30,4,35.89998675767668,"{0: 25, 1: 0, 2: 1, 3: 0, 4: 0}",1
324,False,"{'a': 0.5, 'e': 0.29240498242142104}",20,8,-19.43180266628408,"{0: 11, 1: 0, 2: 0, 3: 0, 4: 1}",1
325,False,"{'a': 0.5, 'e': 0.2886306666449518}",25,17,-6.831652472000349,"{0: 6, 1: 0, 2: 2, 3: 0, 4: 0}",1
326,False,"{'a': 0.5, 'e': 0.2848518601730994}",35,25,13.074366370945988,"{0: 9, 1: 1, 2: 0, 3: 0, 4: 0}",1
327,False,"{'a': 0.5, 'e': 0.2810686217988849}",30,18,19.203051408819913,"{0: 12, 1: 0, 2: 0, 3: 0, 4: 0}",1
328,False,"{'a': 0.5, 'e': 0.27728101038428304}",20,14,12.290577978025308,"{0: 6, 1: 0, 2: 0, 3: 0, 4: 0}",1
329,False,"{'a': 0.5, 'e': 0.27348908485930756}",30,18,-15.24736199250882,"{0: 11, 1: 0, 2: 0, 3: 0, 4: 1}",1
330,False,"{'a': 0.5, 'e': 0.2696929042210938}",30,7,-18.987158527348313,"{0: 20, 1: 1, 2: 1, 3: 0, 4: 1}",1
331,False,"{'a': 0.5, 'e': 0.26589252753298015}",30,8,16.438696105635895,"{0: 19, 1: 1, 2: 2, 3: 0, 4: 0}",1
332,False,"{'a': 0.5, 'e': 0.2620880139235905}",30,16,28.571944435560443,"{0: 14, 1: 0, 2: 0, 3: 0, 4: 0}",1
333,False,"{'a': 0.5, 'e': 0.25827942258591335}",25,16,14.912746744782037,"{0: 9, 1: 0, 2: 0, 3: 0, 4: 0}",1
334,False,"{'a': 0.5, 'e': 0.25446681277638056}",30,12,-0.22060650696984663,"{0: 16, 1: 0, 2: 1, 3: 1, 4: 0}",1
335,False,"{'a': 0.5, 'e': 0.2506502438139467}",20,7,-24.0047817807585,"{0: 11, 1: 1, 2: 0, 3: 0, 4: 1}",1
336,False,"{'a': 0.5, 'e': 0.24682977507916432}",20,5,-36.711362877720006,"{0: 12, 1: 1, 2: 1, 3: 0, 4: 1}",1
337,False,"{'a': 0.5, 'e': 0.24300546601326184}",35,13,-14.532164704217866,"{0: 20, 1: 0, 2: 1, 3: 0, 4: 1}",1
338,False,"{'a': 0.5, 'e': 0.2391773761172179}",25,-17,-17.60545208178408,"{0: 36, 1: 3, 2: 1, 3: 1, 4: 1}",0
339,False,"{'a': 0.5, 'e': 0.23534556495083497}",25,17,15.74114590911599,"{0: 8, 1: 0, 2: 0, 3: 0, 4: 0}",1
340,False,"{'a': 0.5, 'e': 0.231510092131814}",20,5,17.103436654455457,"{0: 14, 1: 0, 2: 1, 3: 0, 4: 0}",1
341,False,"{'a': 0.5, 'e': 0.22767101733482628}",35,15,-14.067892894462407,"{0: 15, 1: 2, 2: 3, 3: 0, 4: 0}",1
342,False,"{'a': 0.5, 'e': 0.2238284002905842}",25,11,16.15371519641439,"{0: 13, 1: 0, 2: 1, 3: 0, 4: 0}",1
343,False,"{'a': 0.5, 'e': 0.21998230078491351}",35,18,33.49523363769342,"{0: 17, 1: 0, 2: 0, 3: 0, 4: 0}",1
344,False,"{'a': 0.5, 'e': 0.21613277865782138}",30,-5,13.244715839707679,"{0: 31, 1: 0, 2: 4, 3: 0, 4: 0}",0
345,False,"{'a': 0.5, 'e': 0.21227989380256698}",20,9,13.373421181573711,"{0: 10, 1: 0, 2: 1, 3: 0, 4: 0}",1
346,False,"{'a': 0.5, 'e': 0.20842370616472877}",20,15,-12.990599863534706,"{0: 4, 1: 0, 2: 0, 3: 1, 4: 0}",1
347,False,"{'a': 0.5, 'e': 0.20456427574127142}",25,3,27.55208327038524,"{0: 21, 1: 0, 2: 1, 3: 0, 4: 0}",1
348,False,"{'a': 0.5, 'e': 0.20070166257961347}",20,9,2.1860609113510394,"{0: 9, 1: 1, 2: 1, 3: 0, 4: 0}",1
349,False,"{'a': 0.5, 'e': 0.19683592677669248}",25,11,14.857529271469573,"{0: 13, 1: 0, 2: 1, 3: 0, 4: 0}",1
350,False,"{'a': 0.5, 'e': 0.19296712847802938}",25,14,22.549787076251967,"{0: 11, 1: 0, 2: 0, 3: 0, 4: 0}",1
351,False,"{'a': 0.5, 'e': 0.18909532787679414}",35,15,-25.663124198114797,"{0: 17, 1: 0, 2: 2, 3: 0, 4: 1}",1
352,False,"{'a': 0.5, 'e': 0.1852205852128676}",30,24,9.718591142305755,"{0: 6, 1: 0, 2: 0, 3: 0, 4: 0}",1
353,False,"{'a': 0.5, 'e': 0.18134296077190565}",30,12,11.233687520023237,"{0: 16, 1: 0, 2: 2, 3: 0, 4: 0}",1
354,False,"{'a': 0.5, 'e': 0.17746251488440068}",20,12,4.236411680215086,"{0: 7, 1: 0, 2: 1, 3: 0, 4: 0}",1
355,False,"{'a': 0.5, 'e': 0.17357930792474224}",20,10,5.790036973020604,"{0: 9, 1: 0, 2: 1, 3: 0, 4: 0}",1
356,False,"{'a': 0.5, 'e': 0.16969340031027927}",20,15,12.436513358602685,"{0: 5, 1: 0, 2: 0, 3: 0, 4: 0}",1
357,False,"{'a': 0.5, 'e': 0.1658048525003782}",20,4,2.4573000512981436,"{0: 14, 1: 0, 2: 2, 3: 0, 4: 0}",1
358,False,"{'a': 0.5, 'e': 0.16191372499548407}",25,14,-24.50048739544678,"{0: 9, 1: 1, 2: 0, 3: 0, 4: 1}",1
359,False,"{'a': 0.5, 'e': 0.15802007833617826}",25,12,20.23167989274733,"{0: 13, 1: 0, 2: 0, 3: 0, 4: 0}",1
360,False,"{'a': 0.5, 'e': 0.15412397310223616}",20,8,-34.83709632128497,"{0: 10, 1: 0, 2: 1, 3: 0, 4: 1}",1
361,False,"{'a': 0.5, 'e': 0.15022546991168584}",25,17,11.873285050558056,"{0: 7, 1: 1, 2: 0, 3: 0, 4: 0}",1
362,False,"{'a': 0.5, 'e': 0.14632462941986424}",20,11,9.535243339456065,"{0: 8, 1: 1, 2: 0, 3: 0, 4: 0}",1
363,False,"{'a': 0.5, 'e': 0.1424215123184729}",20,10,-18.96341245590547,"{0: 9, 1: 0, 2: 0, 3: 0, 4: 1}",1
364,False,"{'a': 0.5, 'e': 0.13851617933463498}",25,-16,9.865101074381998,"{0: 38, 1: 0, 2: 2, 3: 0, 4: 1}",0
365,False,"{'a': 0.5, 'e': 0.13460869122994906}",20,5,16.391639931593776,"{0: 14, 1: 0, 2: 1, 3: 0, 4: 0}",1
366,False,"{'a': 0.5, 'e': 0.1306991087995449}",30,18,23.874272956459794,"{0: 12, 1: 0, 2: 0, 3: 0, 4: 0}",1
367,False,"{'a': 0.5, 'e': 0.12678749287113725}",25,11,-28.583260148196523,"{0: 12, 1: 0, 2: 1, 3: 0, 4: 1}",1
368,False,"{'a': 0.5, 'e': 0.12287390430407844}",20,13,16.30718294737801,"{0: 7, 1: 0, 2: 0, 3: 0, 4: 0}",1
369,False,"{'a': 0.5, 'e': 0.11895840398841316}",20,12,-36.34985006110787,"{0: 6, 1: 1, 2: 0, 3: 0, 4: 1}",1
370,False,"{'a': 0.5, 'e': 0.11504105284393018}",20,12,13.490370703163066,"{0: 8, 1: 0, 2: 0, 3: 0, 4: 0}",1
371,False,"{'a': 0.5, 'e': 0.111121911819214}",20,9,24.934496874861345,"{0: 11, 1: 0, 2: 0, 3: 0, 4: 0}",1
372,False,"{'a': 0.5, 'e': 0.10720104189069805}",20,0,38.33835533380735,"{0: 20, 1: 0, 2: 0, 3: 0, 4: 0}",1
373,False,"{'a': 0.5, 'e': 0.10327850406171425}",20,11,-8.201730853537892,"{0: 7, 1: 0, 2: 2, 3: 0, 4: 0}",1
374,False,"{'a': 0.5, 'e': 0.09935435936154541}",20,14,12.185198836849363,"{0: 6, 1: 0, 2: 0, 3: 0, 4: 0}",1
375,False,"{'a': 0.5, 'e': 0.09542866884447503}",20,15,9.085585540284494,"{0: 5, 1: 0, 2: 0, 3: 0, 4: 0}",1
376,False,"{'a': 0.5, 'e': 0.09150149358883673}",35,22,23.221821152002114,"{0: 13, 1: 0, 2: 0, 3: 0, 4: 0}",1
377,False,"{'a': 0.5, 'e': 0.08757289469606531}",30,-2,14.13387139791757,"{0: 31, 1: 0, 2: 0, 3: 0, 4: 1}",0
378,False,"{'a': 0.5, 'e': 0.08364293328974537}",20,14,-10.448991836584899,"{0: 5, 1: 0, 2: 0, 3: 1, 4: 0}",1
379,False,"{'a': 0.5, 'e': 0.07971167051465967}",30,17,27.734590477173473,"{0: 13, 1: 0, 2: 0, 3: 0, 4: 0}",1
380,False,"{'a': 0.5, 'e': 0.07577916753583941}",20,12,14.72738013356409,"{0: 8, 1: 0, 2: 0, 3: 0, 4: 0}",1
381,False,"{'a': 0.5, 'e': 0.0718454855376107}",35,24,9.441508695383684,"{0: 10, 1: 1, 2: 0, 3: 0, 4: 0}",1
382,False,"{'a': 0.5, 'e': 0.06791068572264429}",25,13,25.416344969128865,"{0: 12, 1: 0, 2: 0, 3: 0, 4: 0}",1
383,False,"{'a': 0.5, 'e': 0.06397482931100257}",25,16,16.512112346643566,"{0: 9, 1: 0, 2: 0, 3: 0, 4: 0}",1
384,False,"{'a': 0.5, 'e': 0.06003797753918649}",30,16,26.91470273303822,"{0: 14, 1: 0, 2: 0, 3: 0, 4: 0}",1
385,False,"{'a': 0.5, 'e': 0.0561001916591843}",20,8,21.814569987911298,"{0: 12, 1: 0, 2: 0, 3: 0, 4: 0}",1
386,False,"{'a': 0.5, 'e': 0.052161532937516804}",25,19,12.686418400294372,"{0: 6, 1: 0, 2: 0, 3: 0, 4: 0}",1
387,False,"{'a': 0.5, 'e': 0.048222062654285684}",25,15,19.75970770847339,"{0: 10, 1: 0, 2: 0, 3: 0, 4: 0}",1
1,True,"{'a': 0, 'e': 0}",25,15,17.63915262289824,"{0: 10, 1: 0, 2: 0, 3: 0, 4: 0}",1
2,True,"{'a': 0, 'e': 0}",20,6,25.447571654150792,"{0: 14, 1: 0, 2: 0, 3: 0, 4: 0}",1
3,True,"{'a': 0, 'e': 0}",30,19,19.091729436967164,"{0: 11, 1: 0, 2: 0, 3: 0, 4: 0}",1
4,True,"{'a': 0, 'e': 0}",20,11,17.4865043907692,"{0: 9, 1: 0, 2: 0, 3: 0, 4: 0}",1
5,True,"{'a': 0, 'e': 0}",20,15,13.008925356390332,"{0: 5, 1: 0, 2: 0, 3: 0, 4: 0}",1
6,True,"{'a': 0, 'e': 0}",25,4,42.97209986620874,"{0: 21, 1: 0, 2: 0, 3: 0, 4: 0}",1
7,True,"{'a': 0, 'e': 0}",25,11,29.081114047454165,"{0: 14, 1: 0, 2: 0, 3: 0, 4: 0}",1
8,True,"{'a': 0, 'e': 0}",20,10,20.984254473376833,"{0: 10, 1: 0, 2: 0, 3: 0, 4: 0}",1
9,True,"{'a': 0, 'e': 0}",20,13,9.125431012760442,"{0: 7, 1: 0, 2: 0, 3: 0, 4: 0}",1
10,True,"{'a': 0, 'e': 0}",25,15,23.07080252010761,"{0: 10, 1: 0, 2: 0, 3: 0, 4: 0}",1
